{
  "best_metric": 0.024826332926750183,
  "best_model_checkpoint": "./ttm_finetuned_models/Genome\\output\\checkpoint-10",
  "epoch": 2.0,
  "eval_steps": 500,
  "global_step": 10,
  "is_hyper_param_search": false,
  "is_local_process_zero": true,
  "is_world_process_zero": true,
  "log_history": [
    {
      "epoch": 1.0,
      "grad_norm": 0.14778725802898407,
      "learning_rate": 0.0003117358052235721,
      "loss": 0.016,
      "step": 5
    },
    {
      "epoch": 1.0,
      "eval_loss": 0.027840860188007355,
      "eval_runtime": 56.1108,
      "eval_samples_per_second": 0.018,
      "eval_steps_per_second": 0.018,
      "step": 5
    },
    {
      "epoch": 2.0,
      "grad_norm": 0.15351788699626923,
      "learning_rate": 0.0008192751048921921,
      "loss": 0.0121,
      "step": 10
    },
    {
      "epoch": 2.0,
      "eval_loss": 0.024826332926750183,
      "eval_runtime": 52.9127,
      "eval_samples_per_second": 0.019,
      "eval_steps_per_second": 0.019,
      "step": 10
    }
  ],
  "logging_steps": 500,
  "max_steps": 50,
  "num_input_tokens_seen": 0,
  "num_train_epochs": 10,
  "save_steps": 500,
  "stateful_callbacks": {
    "EarlyStoppingCallback": {
      "args": {
        "early_stopping_patience": 10,
        "early_stopping_threshold": 0.0
      },
      "attributes": {
        "early_stopping_patience_counter": 0
      }
    },
    "TrainerControl": {
      "args": {
        "should_epoch_stop": false,
        "should_evaluate": false,
        "should_log": false,
        "should_save": true,
        "should_training_stop": false
      },
      "attributes": {}
    }
  },
  "total_flos": 1276491202560.0,
  "train_batch_size": 64,
  "trial_name": null,
  "trial_params": null
}
